{
  "total": 340,
  "unknown": 0,
  "accuracy": 0.6941176470588235,
  "tp": 164,
  "fp": 80,
  "fn": 24,
  "tn": 72,
  "true_positive_rate": 0.8723404255319149,
  "false_negative_rate": 0.1276595744680851,
  "false_positive_rate": 0.5263157894736842,
  "true_negative_rate": 0.47368421052631576,
  "model": "unsloth/Qwen3-VL-8B-Instruct-unsloth-bnb-4bit"
}
